id;title;description;photo;date
1;Adam Sylvie;Lorem ipsum dolor sit amet, consectetur adipisicing elit.;https://placekitten.com/g/200/300;2017-04-02
2;Albertelli Luigi;Lorem ipsum dolor sit amet, consectetur adipisicing.;https://placekitten.com/g/200/300;2017-04-23
3;Bachelard David;Lorem ipsum dolor sit amet, consectetur adipisicing.;https://placekitten.com/g/200/300;2017-06-01
4;Baivier Eric;Lorem ipsum dolor sit amet, consectetur adipisicing eli.;https://placekitten.com/g/200/300;2017-07-07
5;Balthazar Yohan;Lorem ipsum dolor sit amet, consectetur adipisicing .;https://placekitten.com/g/200/300;2017-09-14
6;Barjasse Fabrice;Lorem ipsum dolor sit amet, consectetur adipisicing.;https://placekitten.com/g/200/300;2017-10-20
7;Baugnet Agnes;Lorem ipsum dolor sit amet, consectetur adipisicing el.;https://placekitten.com/g/200/300;2017-11-02
8;Beguin Jean-christophe;Lorem ipsum dolor sit amet, consectetur adipi.;https://placekitten.com/g/200/300;2017-11-08
9;Beguin RaphaÃ«l;Lorem ipsum dolor sit amet, consectetur adipisicing e.;https://placekitten.com/g/200/300;2017-11-12
10;Bertrand Michael;Lorem ipsum dolor sit amet, consectetur adipisicin.;https://placekitten.com/g/200/300;2017-11-01